,code,name,network,elevation_m,site_property,GEO_ID_1,STATE_1,NAME_1,LSAD_1,CENSUSAREA_1,x,y,depth,anomoly,GEO_ID_2,STATE_2,NAME_2,LSAD_2,CENSUSAREA_2,geometry
0,303_CO_SNTL,Apishapa,SNOTEL,3048.0,"{'county': 'Huerfano', 'state': 'Colorado', 'site_comments': 'beginDate=10/1/1979 12:00:00 AM|endDate=1/1/2100 12:00:00 AM|HUC=110200060406|HUD=11020007|TimeZone=-8.0|actonId=05M07S|shefId=APSC2|stationTriplet=303:CO:SNTL|isActive=True', 'pos_accuracy_m': '0'}",0400000US08,08,Colorado,,103641.888,494021.1381316797,4131552.2615331057,13.0,-14.625,0400000US08,08,Colorado,,103641.888,POINT (494021.1381316797 4131552.2615331057)
1,1030_CO_SNTL,Arapaho Ridge,SNOTEL,3340.60791015625,"{'county': 'Grand', 'state': 'Colorado', 'site_comments': 'beginDate=8/1/2002 12:00:00 AM|endDate=1/1/2100 12:00:00 AM|HUC=140100010604|HUD=14010001|TimeZone=-8.0|actonId=06J08S|shefId=ARPC2|stationTriplet=1030:CO:SNTL|isActive=True', 'pos_accuracy_m': '0'}",0400000US08,08,Colorado,,103641.888,382686.7944564046,4467629.385180159,63.0,-11.099999999999994,0400000US08,08,Colorado,,103641.888,POINT (382686.7944564046 4467629.385180159)
2,327_CO_SNTL,Beartown,SNOTEL,3535.679931640625,"{'county': 'Mineral', 'state': 'Colorado', 'site_comments': 'beginDate=10/1/1979 12:00:00 AM|endDate=1/1/2100 12:00:00 AM|HUC=130100010104|HUD=13010001|TimeZone=-8.0|actonId=07M32S|shefId=BRTC2|stationTriplet=327:CO:SNTL|isActive=True', 'pos_accuracy_m': '0'}",0400000US08,08,Colorado,,103641.888,278570.73907705245,4177063.848408556,48.0,-6.863636363636367,0400000US08,08,Colorado,,103641.888,POINT (278570.73907705245 4177063.848408556)
3,1041_CO_SNTL,Beaver Ck Village,SNOTEL,2590.800048828125,"{'county': 'Eagle', 'state': 'Colorado', 'site_comments': 'beginDate=11/1/2002 12:00:00 AM|endDate=1/1/2100 12:00:00 AM|HUC=140100030301|HUD=14010003|TimeZone=-8.0|actonId=06K45S|shefId=BCVC2|stationTriplet=1041:CO:SNTL|isActive=True', 'pos_accuracy_m': '0'}",0400000US08,08,Colorado,,103641.888,370231.5092633892,4384361.762084835,23.0,-15.631578947368421,0400000US08,08,Colorado,,103641.888,POINT (370231.5092633892 4384361.762084835)
4,335_CO_SNTL,Berthoud Summit,SNOTEL,3444.239990234375,"{'county': 'Grand', 'state': 'Colorado', 'site_comments': 'beginDate=9/1/1963 12:00:00 AM|endDate=1/1/2100 12:00:00 AM|HUC=140100010202|HUD=14010001|TimeZone=-8.0|actonId=05K14S|shefId=BTSC2|stationTriplet=335:CO:SNTL|isActive=True', 'pos_accuracy_m': '0'}",0400000US08,08,Colorado,,103641.888,433409.3742220386,4406284.0996048795,64.0,-20.9,0400000US08,08,Colorado,,103641.888,POINT (433409.3742220386 4406284.0996048795)
5,345_CO_SNTL,Bison Lake,SNOTEL,3316.22412109375,"{'county': 'Garfield', 'state': 'Colorado', 'site_comments': 'beginDate=9/30/1985 12:00:00 AM|endDate=1/1/2100 12:00:00 AM|HUC=140100011401|HUD=14010005|TimeZone=-8.0|actonId=07K12S|shefId=BLSC2|stationTriplet=345:CO:SNTL|isActive=True', 'pos_accuracy_m': '0'}",0400000US08,08,Colorado,,103641.888,298124.4909016259,4404317.178406233,66.0,-15.439999999999998,0400000US08,08,Colorado,,103641.888,POINT (298124.4909016259 4404317.178406233)
6,369_CO_SNTL,Brumley,SNOTEL,3230.8798828125,"{'county': 'Lake', 'state': 'Colorado', 'site_comments': 'beginDate=10/1/1979 12:00:00 AM|endDate=1/1/2100 12:00:00 AM|HUC=110200010101|HUD=11020001|TimeZone=-8.0|actonId=06K40S|shefId=BRMC2|stationTriplet=369:CO:SNTL|isActive=True', 'pos_accuracy_m': '0'}",0400000US08,08,Colorado,,103641.888,366662.84785011015,4327635.797721462,34.0,-22.263157894736842,0400000US08,08,Colorado,,103641.888,POINT (366662.84785011015 4327635.797721462)
7,938_CO_SNTL,Buckskin Joe,SNOTEL,3398.52001953125,"{'county': 'Park', 'state': 'Colorado', 'site_comments': 'beginDate=8/10/1998 9:00:00 AM|endDate=1/1/2100 12:00:00 AM|HUC=101900010102|HUD=10190001|TimeZone=-8.0|actonId=06K16S|shefId=BUCC2|stationTriplet=938:CO:SNTL|isActive=True', 'pos_accuracy_m': '0'}",0400000US08,08,Colorado,,103641.888,404029.42829037126,4351047.828921781,38.0,-14.565217391304351,0400000US08,08,Colorado,,103641.888,POINT (404029.42829037126 4351047.828921781)
8,913_CO_SNTL,Buffalo Park,SNOTEL,2816.35205078125,"{'county': 'Grand', 'state': 'Colorado', 'site_comments': 'beginDate=9/1/1995 12:00:00 AM|endDate=1/1/2100 12:00:00 AM|HUC=140100010706|HUD=14010001|TimeZone=-8.0|actonId=06J18S|shefId=BUFC2|stationTriplet=913:CO:SNTL|isActive=True', 'pos_accuracy_m': '0'}",0400000US08,08,Colorado,,103641.888,364279.3348753168,4454351.745823601,32.0,-21.25,0400000US08,08,Colorado,,103641.888,POINT (364279.3348753168 4454351.745823601)
9,378_CO_SNTL,Burro Mountain,SNOTEL,2865.1201171875,"{'county': 'Rio Blanco', 'state': 'Colorado', 'site_comments': 'beginDate=10/1/1978 12:00:00 AM|endDate=1/1/2100 12:00:00 AM|HUC=140500050302|HUD=14050005|TimeZone=-8.0|actonId=07K02S|shefId=BURC2|stationTriplet=378:CO:SNTL|isActive=True', 'pos_accuracy_m': '0'}",0400000US08,08,Colorado,,103641.888,277772.4741592024,4417121.109364296,34.0,-13.649999999999999,0400000US08,08,Colorado,,103641.888,POINT (277772.4741592024 4417121.109364296)
10,380_CO_SNTL,Butte,SNOTEL,3096.76806640625,"{'county': 'Gunnison', 'state': 'Colorado', 'site_comments': 'beginDate=10/1/1979 12:00:00 AM|endDate=1/1/2100 12:00:00 AM|HUC=140200010206|HUD=14020001|TimeZone=-8.0|actonId=06L11S|shefId=BUTC2|stationTriplet=380:CO:SNTL|isActive=True', 'pos_accuracy_m': '0'}",0400000US08,08,Colorado,,103641.888,330627.7811174394,4306863.144502565,32.0,-17.299999999999997,0400000US08,08,Colorado,,103641.888,POINT (330627.7811174394 4306863.144502565)
11,408_CO_SNTL,Columbine,SNOTEL,2791.968017578125,"{'county': 'Jackson', 'state': 'Colorado', 'site_comments': 'beginDate=10/1/1978 12:00:00 AM|endDate=1/1/2100 12:00:00 AM|HUC=101800010102|HUD=10180001|TimeZone=-8.0|actonId=06J03S|shefId=COLC2|stationTriplet=408:CO:SNTL|isActive=True', 'pos_accuracy_m': '0'}",0400000US08,08,Colorado,,103641.888,363865.12291649985,4472812.59702626,46.0,-18.549999999999997,0400000US08,08,Colorado,,103641.888,POINT (363865.12291649985 4472812.59702626)
12,409_CO_SNTL,Columbine Pass,SNOTEL,2865.1201171875,"{'county': 'Montrose', 'state': 'Colorado', 'site_comments': 'beginDate=10/1/1985 12:00:00 AM|endDate=1/1/2100 12:00:00 AM|HUC=140200050202|HUD=14020005|TimeZone=-8.0|actonId=08L02S|shefId=CPSC2|stationTriplet=409:CO:SNTL|isActive=True', 'pos_accuracy_m': '0'}",0400000US08,08,Colorado,,103641.888,204680.16753082373,4257609.4009082215,31.0,-20.368421052631582,0400000US08,08,Colorado,,103641.888,POINT (204680.16753082373 4257609.4009082215)
13,904_CO_SNTL,Columbus Basin,SNOTEL,3287.26806640625,"{'county': 'La Plata', 'state': 'Colorado', 'site_comments': 'beginDate=8/30/1994 12:00:00 AM|endDate=1/1/2100 12:00:00 AM|HUC=140801050101|HUD=14080105|TimeZone=-8.0|actonId=08M10S|shefId=CMBC2|stationTriplet=904:CO:SNTL|isActive=True', 'pos_accuracy_m': '0'}",0400000US08,08,Colorado,,103641.888,232427.22613596654,4148143.727000163,64.0,-12.086956521739125,0400000US08,08,Colorado,,103641.888,POINT (232427.22613596654 4148143.727000163)
14,426_CO_SNTL,Crosho,SNOTEL,2773.679931640625,"{'county': 'Rio Blanco', 'state': 'Colorado', 'site_comments': 'beginDate=10/1/1985 12:00:00 AM|endDate=1/1/2100 12:00:00 AM|HUC=140500010106|HUD=14050001|TimeZone=-8.0|actonId=07J04S|shefId=CRSC2|stationTriplet=426:CO:SNTL|isActive=True', 'pos_accuracy_m': '0'}",0400000US08,08,Colorado,,103641.888,324795.53236376646,4448372.395362874,22.0,-15.850000000000001,0400000US08,08,Colorado,,103641.888,POINT (324795.53236376646 4448372.395362874)
15,430_CO_SNTL,Culebra #2,SNOTEL,3200.39990234375,"{'county': 'Costilla', 'state': 'Colorado', 'site_comments': 'beginDate=10/1/1978 12:00:00 AM|endDate=1/1/2100 12:00:00 AM|HUC=130100020902|HUD=13010002|TimeZone=-8.0|actonId=05M03S|shefId=CULC2|stationTriplet=430:CO:SNTL|isActive=True', 'pos_accuracy_m': '0'}",0400000US08,08,Colorado,,103641.888,482289.85641895456,4118126.3796099317,33.0,-21.578947368421055,0400000US08,08,Colorado,,103641.888,POINT (482289.85641895456 4118126.3796099317)
16,431_CO_SNTL,Cumbres Trestle,SNOTEL,3060.19189453125,"{'county': 'Conejos', 'state': 'Colorado', 'site_comments': 'beginDate=10/1/1979 12:00:00 AM|endDate=1/1/2100 12:00:00 AM|HUC=130201020203|HUD=13020102|TimeZone=-8.0|actonId=06M22S|shefId=CUMC2|stationTriplet=431:CO:SNTL|isActive=True', 'pos_accuracy_m': '0'}",0400000US08,08,Colorado,,103641.888,370853.3865001106,4097940.9068533736,60.0,-15.700000000000003,0400000US08,08,Colorado,,103641.888,POINT (370853.3865001106 4097940.9068533736)
17,438_CO_SNTL,Deadman Hill,SNOTEL,3115.055908203125,"{'county': 'Larimer', 'state': 'Colorado', 'site_comments': 'beginDate=10/1/1978 12:00:00 AM|endDate=1/1/2100 12:00:00 AM|HUC=101900070502|HUD=10190007|TimeZone=-8.0|actonId=05J06S|shefId=DDMC2|stationTriplet=438:CO:SNTL|isActive=True', 'pos_accuracy_m': '0'}",0400000US08,08,Colorado,,103641.888,435057.8198302608,4517474.530774527,61.0,-16.684210526315788,0400000US08,08,Colorado,,103641.888,POINT (435057.8198302608 4517474.530774527)
18,457_CO_SNTL,Dry Lake,SNOTEL,2560.320068359375,"{'county': 'Routt', 'state': 'Colorado', 'site_comments': 'beginDate=10/1/1979 12:00:00 AM|endDate=1/1/2100 12:00:00 AM|HUC=140500010409|HUD=14050001|TimeZone=-8.0|actonId=06J01S|shefId=DRLC2|stationTriplet=457:CO:SNTL|isActive=True', 'pos_accuracy_m': '0'}",0400000US08,08,Colorado,,103641.888,349135.6282468635,4488549.775379975,40.0,-17.653846153846153,0400000US08,08,Colorado,,103641.888,POINT (349135.6282468635 4488549.775379975)
19,936_CO_SNTL,Echo Lake,SNOTEL,3230.8798828125,"{'county': 'Clear Creek', 'state': 'Colorado', 'site_comments': 'beginDate=8/10/1998 8:00:00 AM|endDate=1/1/2100 12:00:00 AM|HUC=101900020801|HUD=10190002|TimeZone=-8.0|actonId=05K27S|shefId=ECLC2|stationTriplet=936:CO:SNTL|isActive=True', 'pos_accuracy_m': '0'}",0400000US08,08,Colorado,,103641.888,449089.8227903781,4389775.8454851825,37.0,-15.166666666666668,0400000US08,08,Colorado,,103641.888,POINT (449089.8227903781 4389775.8454851825)
20,465_CO_SNTL,El Diente Peak,SNOTEL,3048.0,"{'county': 'Dolores', 'state': 'Colorado', 'site_comments': 'beginDate=10/1/1985 12:00:00 AM|endDate=1/1/2100 12:00:00 AM|HUC=140300020202|HUD=14030002|TimeZone=-8.0|actonId=08M06S|shefId=EDSC2|stationTriplet=465:CO:SNTL|isActive=True', 'pos_accuracy_m': '0'}",0400000US08,08,Colorado,,103641.888,233916.2735972305,4186391.816578232,24.0,-11.81818181818182,0400000US08,08,Colorado,,103641.888,POINT (233916.2735972305 4186391.816578232)
21,467_CO_SNTL,Elk River,SNOTEL,2651.760009765625,"{'county': 'Routt', 'state': 'Colorado', 'site_comments': 'beginDate=10/1/1978 12:00:00 AM|endDate=1/1/2100 12:00:00 AM|HUC=140500010206|HUD=14050001|TimeZone=-8.0|actonId=06J15S|shefId=ELKC2|stationTriplet=467:CO:SNTL|isActive=True', 'pos_accuracy_m': '0'}",0400000US08,08,Colorado,,103641.888,334043.2746516746,4523727.838256303,40.0,-16.1,0400000US08,08,Colorado,,103641.888,POINT (334043.2746516746 4523727.838256303)
22,970_CO_SNTL,Jones Pass,SNOTEL,3169.919921875,"{'county': 'Grand', 'state': 'Colorado', 'site_comments': 'beginDate=9/30/1999 12:00:00 AM|endDate=1/1/2100 12:00:00 AM|HUC=140100010402|HUD=14010001|TimeZone=-8.0|actonId=05K21S|shefId=JNPC2|stationTriplet=970:CO:SNTL|isActive=True', 'pos_accuracy_m': '0'}",0400000US08,08,Colorado,,103641.888,422379.0467024766,4402012.175458778,54.0,-19.26086956521739,0400000US08,08,Colorado,,103641.888,POINT (422379.0467024766 4402012.175458778)
23,556_CO_SNTL,Kiln,SNOTEL,2926.080078125,"{'county': 'Pitkin', 'state': 'Colorado', 'site_comments': 'beginDate=10/1/1979 12:00:00 AM|endDate=1/1/2100 12:00:00 AM|HUC=140100040504|HUD=14010004|TimeZone=-8.0|actonId=06K30S|shefId=KLNC2|stationTriplet=556:CO:SNTL|isActive=True', 'pos_accuracy_m': '0'}",0400000US08,08,Colorado,,103641.888,360817.5820487002,4353224.894031214,32.0,-18.368421052631582,0400000US08,08,Colorado,,103641.888,POINT (360817.5820487002 4353224.894031214)
24,564_CO_SNTL,Lake Eldora,SNOTEL,2956.56005859375,"{'county': 'Gilpin', 'state': 'Colorado', 'site_comments': 'beginDate=10/1/1978 12:00:00 AM|endDate=1/1/2100 12:00:00 AM|HUC=101900050402|HUD=10190005|TimeZone=-8.0|actonId=05J41S|shefId=LELC2|stationTriplet=564:CO:SNTL|isActive=True', 'pos_accuracy_m': '0'}",0400000US08,08,Colorado,,103641.888,449628.672330642,4420906.712756943,36.0,-27.526315789473685,0400000US08,08,Colorado,,103641.888,POINT (449628.672330642 4420906.712756943)
25,565_CO_SNTL,Lake Irene,SNOTEL,3261.360107421875,"{'county': 'Grand', 'state': 'Colorado', 'site_comments': 'beginDate=10/1/1978 12:00:00 AM|endDate=1/1/2100 12:00:00 AM|HUC=140100010302|HUD=14010001|TimeZone=-8.0|actonId=05J10S|shefId=LKIC2|stationTriplet=565:CO:SNTL|isActive=True', 'pos_accuracy_m': '0'}",0400000US08,08,Colorado,,103641.888,430446.3926439298,4474067.154838957,66.0,-26.549999999999997,0400000US08,08,Colorado,,103641.888,POINT (430446.3926439298 4474067.154838957)
26,580_CO_SNTL,Lily Pond,SNOTEL,3352.800048828125,"{'county': 'Conejos', 'state': 'Colorado', 'site_comments': 'beginDate=10/1/1979 12:00:00 AM|endDate=1/1/2100 12:00:00 AM|HUC=130100020302|HUD=13010002|TimeZone=-8.0|actonId=06M23S|shefId=LPDC2|stationTriplet=580:CO:SNTL|isActive=True', 'pos_accuracy_m': '0'}",0400000US08,08,Colorado,,103641.888,362917.0200798998,4138074.398298459,24.0,-7.0,0400000US08,08,Colorado,,103641.888,POINT (362917.0200798998 4138074.398298459)
27,586_CO_SNTL,Lizard Head Pass,SNOTEL,3108.9599609375,"{'county': 'Dolores', 'state': 'Colorado', 'site_comments': 'beginDate=10/1/1979 12:00:00 AM|endDate=1/1/2100 12:00:00 AM|HUC=140300020201|HUD=14030002|TimeZone=-8.0|actonId=07M29S|shefId=LIZC2|stationTriplet=586:CO:SNTL|isActive=True', 'pos_accuracy_m': '0'}",0400000US08,08,Colorado,,103641.888,242531.19130501742,4187571.7192247123,34.0,-10.842105263157897,0400000US08,08,Colorado,,103641.888,POINT (242531.19130501742 4187571.7192247123)
28,905_CO_SNTL,Mancos,SNOTEL,3048.0,"{'county': 'Montezuma', 'state': 'Colorado', 'site_comments': 'beginDate=8/30/1994 12:00:00 AM|endDate=1/1/2100 12:00:00 AM|HUC=140801070102|HUD=14080107|TimeZone=-8.0|actonId=08M02S|shefId=MNCC2|stationTriplet=905:CO:SNTL|isActive=True', 'pos_accuracy_m': '0'}",0400000US08,08,Colorado,,103641.888,219548.3302617644,4147389.4908498423,14.0,-16.526315789473685,0400000US08,08,Colorado,,103641.888,POINT (219548.3302617644 4147389.4908498423)
29,618_CO_SNTL,Mc Clure Pass,SNOTEL,2895.60009765625,"{'county': 'Pitkin', 'state': 'Colorado', 'site_comments': 'beginDate=10/1/1979 12:00:00 AM|endDate=1/1/2100 12:00:00 AM|HUC=140200040203|HUD=14020004|TimeZone=-8.0|actonId=07K09S|shefId=MCPC2|stationTriplet=618:CO:SNTL|isActive=True', 'pos_accuracy_m': '0'}",0400000US08,08,Colorado,,103641.888,302221.9794012706,4333581.66307818,37.0,-16.473684210526315,0400000US08,08,Colorado,,103641.888,POINT (302221.9794012706 4333581.66307818)
30,1040_CO_SNTL,Mccoy Park,SNOTEL,2889.50390625,"{'county': 'Eagle', 'state': 'Colorado', 'site_comments': 'beginDate=10/1/2002 12:00:00 AM|endDate=1/1/2100 12:00:00 AM|HUC=140100030302|HUD=14010003|TimeZone=-8.0|actonId=06K44S|shefId=MCYC2|stationTriplet=1040:CO:SNTL|isActive=True', 'pos_accuracy_m': '0'}",0400000US08,08,Colorado,,103641.888,367678.0175040818,4385016.69124604,34.0,-16.450000000000003,0400000US08,08,Colorado,,103641.888,POINT (367678.0175040818 4385016.69124604)
31,914_CO_SNTL,Medano Pass,SNOTEL,2941.01513671875,"{'county': 'Saguache', 'state': 'Colorado', 'site_comments': 'beginDate=10/1/1995 12:00:00 AM|endDate=1/1/2100 12:00:00 AM|HUC=130100030604|HUD=13010003|TimeZone=-8.0|actonId=05M16S|shefId=MDPC2|stationTriplet=914:CO:SNTL|isActive=True', 'pos_accuracy_m': '0'}",0400000US08,08,Colorado,,103641.888,461630.79285025864,4189443.8549716175,0.0,-9.052631578947368,0400000US08,08,Colorado,,103641.888,POINT (461630.79285025864 4189443.8549716175)
32,937_CO_SNTL,Michigan Creek,SNOTEL,3230.8798828125,"{'county': 'Park', 'state': 'Colorado', 'site_comments': 'beginDate=8/10/1998 12:00:00 AM|endDate=1/1/2100 12:00:00 AM|HUC=101900010404|HUD=10190001|TimeZone=-8.0|actonId=05K28S|shefId=MIHC2|stationTriplet=937:CO:SNTL|isActive=True', 'pos_accuracy_m': '0'}",0400000US08,08,Colorado,,103641.888,421619.20091049187,4365531.794587652,41.0,-13.391304347826086,0400000US08,08,Colorado,,103641.888,POINT (421619.20091049187 4365531.794587652)
33,624_CO_SNTL,Middle Creek,SNOTEL,3429.0,"{'county': 'Mineral', 'state': 'Colorado', 'site_comments': 'beginDate=10/1/1979 12:00:00 AM|endDate=1/1/2100 12:00:00 AM|HUC=130100010501|HUD=13010001|TimeZone=-8.0|actonId=07M21S|shefId=MDLC2|stationTriplet=624:CO:SNTL|isActive=True', 'pos_accuracy_m': '0'}",0400000US08,08,Colorado,,103641.888,320420.04438339354,4165577.3388256514,37.0,-4.2631578947368425,0400000US08,08,Colorado,,103641.888,POINT (320420.04438339354 4165577.3388256514)
34,1014_CO_SNTL,Middle Fork Camp,SNOTEL,2724.912109375,"{'county': 'Grand', 'state': 'Colorado', 'site_comments': 'beginDate=9/19/2001 11:00:00 AM|endDate=1/1/2100 12:00:00 AM|HUC=140100010402|HUD=14010001|TimeZone=-8.0|actonId=06K12S|shefId=MFKC2|stationTriplet=1014:CO:SNTL|isActive=True', 'pos_accuracy_m': '0'}",0400000US08,08,Colorado,,103641.888,412048.39261902263,4405576.01132774,34.0,-13.0,0400000US08,08,Colorado,,103641.888,POINT (412048.39261902263 4405576.01132774)
35,658_CO_SNTL,Nast Lake,SNOTEL,2651.760009765625,"{'county': 'Pitkin', 'state': 'Colorado', 'site_comments': 'beginDate=10/1/1985 12:00:00 AM|endDate=1/1/2100 12:00:00 AM|HUC=140100040504|HUD=14010004|TimeZone=-8.0|actonId=06K06S|shefId=NSSC2|stationTriplet=658:CO:SNTL|isActive=True', 'pos_accuracy_m': '0'}",0400000US08,08,Colorado,,103641.888,361432.5338923009,4350990.92937954,10.0,-17.789473684210527,0400000US08,08,Colorado,,103641.888,POINT (361432.5338923009 4350990.92937954)
36,1031_CO_SNTL,Never Summer,SNOTEL,3133.343994140625,"{'county': 'Jackson', 'state': 'Colorado', 'site_comments': 'beginDate=9/1/2002 12:00:00 AM|endDate=1/1/2100 12:00:00 AM|HUC=101800010401|HUD=10180001|TimeZone=-8.0|actonId=06J27S|shefId=NEVC2|stationTriplet=1031:CO:SNTL|isActive=True', 'pos_accuracy_m': '0'}",0400000US08,08,Colorado,,103641.888,418892.65961998503,4473042.799886885,61.0,-18.15,0400000US08,08,Colorado,,103641.888,POINT (418892.65961998503 4473042.799886885)
37,669_CO_SNTL,North Lost Trail,SNOTEL,2804.159912109375,"{'county': 'Gunnison', 'state': 'Colorado', 'site_comments': 'beginDate=10/1/1984 12:00:00 AM|endDate=1/1/2100 12:00:00 AM|HUC=140100040703|HUD=14010004|TimeZone=-8.0|actonId=07K01S|shefId=NLSC2|stationTriplet=669:CO:SNTL|isActive=True', 'pos_accuracy_m': '0'}",0400000US08,08,Colorado,,103641.888,314552.1270730402,4327634.373769535,39.0,-19.94736842105263,0400000US08,08,Colorado,,103641.888,POINT (314552.1270730402 4327634.373769535)
38,680_CO_SNTL,Park Cone,SNOTEL,2926.080078125,"{'county': 'Gunnison', 'state': 'Colorado', 'site_comments': 'beginDate=10/1/1979 12:00:00 AM|endDate=1/1/2100 12:00:00 AM|HUC=140200010107|HUD=14020001|TimeZone=-8.0|actonId=06L02S|shefId=PKCC2|stationTriplet=680:CO:SNTL|isActive=True', 'pos_accuracy_m': '0'}",0400000US08,08,Colorado,,103641.888,361989.88256237726,4297998.2341455305,30.0,-11.684210526315788,0400000US08,08,Colorado,,103641.888,POINT (361989.88256237726 4297998.2341455305)
39,682_CO_SNTL,Park Reservoir,SNOTEL,3035.80810546875,"{'county': 'Delta', 'state': 'Colorado', 'site_comments': 'beginDate=10/1/1978 12:00:00 AM|endDate=1/1/2100 12:00:00 AM|HUC=140200050111|HUD=14020005|TimeZone=-8.0|actonId=07K06S|shefId=PRVC2|stationTriplet=682:CO:SNTL|isActive=True', 'pos_accuracy_m': '0'}",0400000US08,08,Colorado,,103641.888,251264.38731602413,4325862.006770264,56.0,-11.807692307692307,0400000US08,08,Colorado,,103641.888,POINT (251264.38731602413 4325862.006770264)
40,1032_CO_SNTL,Rawah,SNOTEL,2749.2958984375,"{'county': 'Jackson', 'state': 'Colorado', 'site_comments': 'beginDate=9/1/2002 12:00:00 AM|endDate=1/1/2100 12:00:00 AM|HUC=101800010603|HUD=10180001|TimeZone=-8.0|actonId=06J20S|shefId=RAWC2|stationTriplet=1032:CO:SNTL|isActive=True', 'pos_accuracy_m': '0'}",0400000US08,08,Colorado,,103641.888,414885.2164668302,4506775.803096036,31.0,-26.4,0400000US08,08,Colorado,,103641.888,POINT (414885.2164668302 4506775.803096036)
41,713_CO_SNTL,Red Mountain Pass,SNOTEL,3413.760009765625,"{'county': 'San Juan', 'state': 'Colorado', 'site_comments': 'beginDate=10/1/1979 12:00:00 AM|endDate=1/1/2100 12:00:00 AM|HUC=140801040103|HUD=14080104|TimeZone=-8.0|actonId=07M33S|shefId=RMPC2|stationTriplet=713:CO:SNTL|isActive=True', 'pos_accuracy_m': '0'}",0400000US08,08,Colorado,,103641.888,261397.5216977791,4197281.573357299,60.0,-13.680000000000007,0400000US08,08,Colorado,,103641.888,POINT (261397.5216977791 4197281.573357299)
42,717_CO_SNTL,Ripple Creek,SNOTEL,3151.632080078125,"{'county': 'Rio Blanco', 'state': 'Colorado', 'site_comments': 'beginDate=10/1/1985 12:00:00 AM|endDate=1/1/2100 12:00:00 AM|HUC=140500050102|HUD=14050005|TimeZone=-8.0|actonId=07J05S|shefId=RCPC2|stationTriplet=717:CO:SNTL|isActive=True', 'pos_accuracy_m': '0'}",0400000US08,08,Colorado,,103641.888,304475.40493548865,4442280.098867775,65.0,-22.400000000000006,0400000US08,08,Colorado,,103641.888,POINT (304475.40493548865 4442280.098867775)
43,939_CO_SNTL,Rough And Tumble,SNOTEL,3157.72802734375,"{'county': 'Park', 'state': 'Colorado', 'site_comments': 'beginDate=8/10/1998 12:00:00 AM|endDate=1/1/2100 12:00:00 AM|HUC=101900010202|HUD=10190001|TimeZone=-8.0|actonId=06K43S|shefId=ROUC2|stationTriplet=939:CO:SNTL|isActive=True', 'pos_accuracy_m': '0'}",0400000US08,08,Colorado,,103641.888,406235.5638996499,4321033.43743131,33.0,-15.5,0400000US08,08,Colorado,,103641.888,POINT (406235.5638996499 4321033.43743131)
44,737_CO_SNTL,Schofield Pass,SNOTEL,3261.360107421875,"{'county': 'Gunnison', 'state': 'Colorado', 'site_comments': 'beginDate=10/1/1984 12:00:00 AM|endDate=1/1/2100 12:00:00 AM|HUC=140100040701|HUD=14020001|TimeZone=-8.0|actonId=07K11S|shefId=SOSC2|stationTriplet=737:CO:SNTL|isActive=True', 'pos_accuracy_m': '0'}",0400000US08,08,Colorado,,103641.888,322623.7545447356,4320462.519400966,72.0,-11.319999999999993,0400000US08,08,Colorado,,103641.888,POINT (322623.7545447356 4320462.519400966)
45,762_CO_SNTL,Slumgullion,SNOTEL,3523.488037109375,"{'county': 'Hinsdale', 'state': 'Colorado', 'site_comments': 'beginDate=10/1/1979 12:00:00 AM|endDate=1/1/2100 12:00:00 AM|HUC=140200020502|HUD=14020002|TimeZone=-8.0|actonId=07M30S|shefId=SLMC2|stationTriplet=762:CO:SNTL|isActive=True', 'pos_accuracy_m': '0'}",0400000US08,08,Colorado,,103641.888,306522.95203962637,4207084.581508625,50.0,-7.842105263157897,0400000US08,08,Colorado,,103641.888,POINT (306522.95203962637 4207084.581508625)
46,773_CO_SNTL,South Colony,SNOTEL,3291.840087890625,"{'county': 'Custer', 'state': 'Colorado', 'site_comments': 'beginDate=10/1/1990 12:00:00 AM|endDate=1/1/2100 12:00:00 AM|HUC=110200011206|HUD=11020001|TimeZone=-8.0|actonId=05M13S|shefId=SCYC2|stationTriplet=773:CO:SNTL|isActive=True', 'pos_accuracy_m': '0'}",0400000US08,08,Colorado,,103641.888,452755.63454551017,4202413.103347841,57.0,-8.368421052631582,0400000US08,08,Colorado,,103641.888,POINT (452755.63454551017 4202413.103347841)
47,793_CO_SNTL,Stillwater Creek,SNOTEL,2657.85595703125,"{'county': 'Grand', 'state': 'Colorado', 'site_comments': 'beginDate=10/1/1985 12:00:00 AM|endDate=1/1/2100 12:00:00 AM|HUC=140100010306|HUD=14010001|TimeZone=-8.0|actonId=05J12S|shefId=SCSC2|stationTriplet=793:CO:SNTL|isActive=True', 'pos_accuracy_m': '0'}",0400000US08,08,Colorado,,103641.888,421746.99268999783,4453183.822940293,16.0,-16.36842105263158,0400000US08,08,Colorado,,103641.888,POINT (421746.99268999783 4453183.822940293)
48,797_CO_SNTL,Stump Lakes,SNOTEL,3413.760009765625,"{'county': 'San Juan', 'state': 'Colorado', 'site_comments': 'beginDate=10/1/1985 12:00:00 AM|endDate=1/1/2100 12:00:00 AM|HUC=140801040702|HUD=14080104|TimeZone=-8.0|actonId=07M34S|shefId=STPC2|stationTriplet=797:CO:SNTL|isActive=True', 'pos_accuracy_m': '0'}",0400000US08,08,Colorado,,103641.888,267178.0872097202,4150958.310491069,57.0,-4.18181818181818,0400000US08,08,Colorado,,103641.888,POINT (267178.0872097202 4150958.310491069)
49,802_CO_SNTL,Summit Ranch,SNOTEL,2865.1201171875,"{'county': 'Summit', 'state': 'Colorado', 'site_comments': 'beginDate=10/1/1979 12:00:00 AM|endDate=1/1/2100 12:00:00 AM|HUC=140100020502|HUD=14010002|TimeZone=-8.0|actonId=06K14S|shefId=SUMC2|stationTriplet=802:CO:SNTL|isActive=True', 'pos_accuracy_m': '0'}",0400000US08,08,Colorado,,103641.888,400745.02635610127,4397095.336521014,33.0,-9.157894736842103,0400000US08,08,Colorado,,103641.888,POINT (400745.02635610127 4397095.336521014)
50,827_CO_SNTL,Trapper Lake,SNOTEL,2956.56005859375,"{'county': 'Garfield', 'state': 'Colorado', 'site_comments': 'beginDate=10/1/1985 12:00:00 AM|endDate=1/1/2100 12:00:00 AM|HUC=140500050101|HUD=14050005|TimeZone=-8.0|actonId=07K13S|shefId=TLSC2|stationTriplet=827:CO:SNTL|isActive=True', 'pos_accuracy_m': '0'}",0400000US08,08,Colorado,,103641.888,309107.02522467263,4430023.616736702,42.0,0.6499999999999986,0400000US08,08,Colorado,,103641.888,POINT (309107.02522467263 4430023.616736702)
51,1005_CO_SNTL,Ute Creek,SNOTEL,3246.1201171875,"{'county': 'Costilla', 'state': 'Colorado', 'site_comments': 'beginDate=8/16/2000 12:00:00 AM|endDate=1/1/2100 12:00:00 AM|HUC=130100020604|HUD=13010002|TimeZone=-8.0|actonId=05M17S|shefId=UTCC2|stationTriplet=1005:CO:SNTL|isActive=True', 'pos_accuracy_m': '0'}",0400000US08,08,Colorado,,103641.888,467057.39547513926,4163162.1659084717,22.0,-9.909090909090907,0400000US08,08,Colorado,,103641.888,POINT (467057.39547513926 4163162.1659084717)
52,843_CO_SNTL,Vallecito,SNOTEL,3316.22412109375,"{'county': 'La Plata', 'state': 'Colorado', 'site_comments': 'beginDate=10/1/1985 12:00:00 AM|endDate=1/1/2100 12:00:00 AM|HUC=140801011105|HUD=14080101|TimeZone=-8.0|actonId=07M31S|shefId=VALC2|stationTriplet=843:CO:SNTL|isActive=True', 'pos_accuracy_m': '0'}",0400000US08,08,Colorado,,103641.888,278361.42683492496,4151639.958903531,30.0,-5.9090909090909065,0400000US08,08,Colorado,,103641.888,POINT (278361.42683492496 4151639.958903531)
53,859_WY_SNTL,Whiskey Park,SNOTEL,2727.9599609375,"{'county': 'Carbon', 'state': 'Wyoming', 'site_comments': 'beginDate=10/1/1985 12:00:00 AM|endDate=1/1/2100 12:00:00 AM|HUC=140500030102|HUD=14050003|TimeZone=-8.0|actonId=06H22S|shefId=WPKW4|stationTriplet=859:WY:SNTL|isActive=True', 'pos_accuracy_m': '0'}",0400000US08,08,Colorado,,103641.888,339496.9230984738,4540832.223696737,56.0,-19.900000000000006,0400000US08,08,Colorado,,103641.888,POINT (339496.9230984738 4540832.223696737)
54,870_CO_SNTL,Willow Park,SNOTEL,3261.360107421875,"{'county': 'Larimer', 'state': 'Colorado', 'site_comments': 'beginDate=10/1/1979 12:00:00 AM|endDate=1/1/2100 12:00:00 AM|HUC=101900060204|HUD=10190006|TimeZone=-8.0|actonId=05J40S|shefId=WPRC2|stationTriplet=870:CO:SNTL|isActive=True', 'pos_accuracy_m': '0'}",0400000US08,08,Colorado,,103641.888,437796.4324944939,4476025.017552118,51.0,-21.42857142857143,0400000US08,08,Colorado,,103641.888,POINT (437796.4324944939 4476025.017552118)
55,874_CO_SNTL,Wolf Creek Summit,SNOTEL,3352.800048828125,"{'county': 'Mineral', 'state': 'Colorado', 'site_comments': 'beginDate=10/1/1985 12:00:00 AM|endDate=1/1/2100 12:00:00 AM|HUC=140801010203|HUD=14080101|TimeZone=-8.0|actonId=06M17S|shefId=WCSC2|stationTriplet=874:CO:SNTL|isActive=True', 'pos_accuracy_m': '0'}",0400000US08,08,Colorado,,103641.888,340696.8897959985,4149560.42866162,77.0,-5.480000000000004,0400000US08,08,Colorado,,103641.888,POINT (340696.8897959985 4149560.42866162)
56,1033_CO_SNTL,Zirkel,SNOTEL,2846.83203125,"{'county': 'Jackson', 'state': 'Colorado', 'site_comments': 'beginDate=8/14/2002 6:00:00 AM|endDate=1/1/2100 12:00:00 AM|HUC=101800010202|HUD=10180001|TimeZone=-8.0|actonId=06J19S|shefId=ZIRC2|stationTriplet=1033:CO:SNTL|isActive=True', 'pos_accuracy_m': '0'}",0400000US08,08,Colorado,,103641.888,365410.7703812899,4517211.591230537,54.0,-13.849999999999994,0400000US08,08,Colorado,,103641.888,POINT (365410.7703812899 4517211.591230537)
